{
  "id": 0,
  "path": "Music_Dataset/Chinese_Man_Records/Chinese_man_records_-_Artichaut.mp3",
  "embedding": [
    0.5297462, 0.36039203, 0.33867118, 0.6367786, 0.34869742, 0.2858687,
    0.2717905, 0.49334484, 0.72886705, 0.5126326, 0.41234997, 0.61024,
    0.43643126, 0.2974673, 0.40703088, 0.6826751, 0.33638382, 0.40378428,
    0.5139898, 0.30727738, 0.38388374, 0.37298578, 0.3752873, 0.42866722,
    0.40298164, 0.47833893, 0.2907411, 0.41733283, 0.19302596, 0.3904548,
    0.5272796, 0.5162231, 0.15054366, 0.3491237, 0.32147372, 0.6190957,
    0.23081964, 0.3536059, 0.35917297, 0.450453, 0.4776952, 0.4822519,
    0.48365933, 0.4344729, 0.17193744, 0.4316474, 0.76677644, 0.23098862,
    0.37605116, 0.5580685, 0.4900548, 0.3440316, 0.3328858, 0, 0.3204856,
    0.35371652, 0.40767878, 0.3389486, 0.5039139, 0.260308, 0.42139286,
    0.45729777, 0.3096311, 0.40687698, 0.29797125, 0.48570335, 0.28187424,
    0.44481868, 0.38286746, 0.58475685, 0.47229514, 0.34612027, 0.35021487,
    0.3005373, 0.593143, 0.36241114, 0.39554706, 0.33407947, 0.57177436,
    0.33745384, 0.29920858, 0.5131786, 0.27103162, 0.19642317, 0.34868556,
    0.75980973, 0.5578408, 0.63187635, 0.38911852, 0.526875, 0.44943014,
    0.59780216, 0.30300462, 0.47778428, 0.3891043, 0.38091865, 0.43349037,
    0.3207401, 0.31437802, 0.6173407, 0.841061, 0.34312457, 0.26463872,
    0.54456913, 0.4814494, 0.38149583, 0.40103015, 0.84086895, 0.2258529,
    0.35595798, 0.31433618, 0.41639736, 0.55816364, 0.31418556, 0.4727607,
    0.3528773, 0.17724742, 0.3038242, 0.4772211, 0.1867638, 0.4102957,
    0.47148708, 0.4677491, 0.24920498, 0.5221815, 0.35120183, 0.2962433,
    0.19553305, 0.6463491, 0.35850593, 0.31070614, 0.2832619, 0.396157,
    0.4217102, 0.40348643, 0.10364533, 0.3885694, 0.3288092, 0.39480415,
    0.50513655, 0.39526653, 0.37608513, 0.6554302, 0.531155, 0.5368763,
    0.51236653, 0.33487105, 0.2537526, 0.5400487, 0.30524498, 0.39032856,
    0.59738076, 0.32293013, 0.4339605, 0.4214894, 0.16858742, 0.193346,
    0.62737775, 0.4724506, 0.40877718, 0.6042074, 0.027707547, 0.24626566,
    0.33584455, 0.3743193, 0.30611998, 0.21929362, 0.43347317, 0.49267688,
    0.27355537, 0.26991737, 0.3485431, 0.46040663, 0.35586432, 0.37691194,
    0.5179765, 0.39934346, 0.22883196, 0.38504937, 0.24181123, 0.3948626,
    0.5165702, 0.6221299, 0.2649386, 0.17987996, 0.3441116, 0.36737522,
    0.602111, 0.48355323, 0.44407368, 0.53285384, 0.45072085, 0.46877226,
    0.23306808, 0.4292276, 0.37966818, 0.37103033, 0.44908366, 0.7808485,
    0.38102043, 0.33719724, 0.56512713, 0.5292996, 0.4705149, 0.49286222,
    0.56328005, 0.43542486, 0.46978703, 0.45037344, 0.26267603, 0.14061639,
    0.23653333, 0.32557976, 0.49680182, 0.64927363, 0.5122201, 0.3687108,
    0.82229877, 0.6054305, 0.41011107, 0.2238966, 0.1483159, 0.16213669,
    0.33436725, 0.5298593, 0.45861435, 0.2816862, 0.4239326, 0.4830714,
    0.26012507, 0.58214784, 0.4041053, 0.63543403, 0.3177218, 0.366595,
    0.25609007, 0.2879585, 0.39441493, 0.31299645, 0.5484537, 0.66614306,
    0.58377695, 0.615065, 0.5738262, 0.2050605, 0.513275, 0.36820987, 0.4261054,
    0.58652806, 0.4202023, 0.6495241, 0.35506818, 0.39259952, 0.6843436,
    0.34322453, 0.418842, 0.2984541, 0.5957242, 0.26709533, 0.3827864,
    0.28684515, 0.30488247, 0.42297953, 0.8287188, 0.36285517, 0.2826078,
    0.8014138, 0.5641066, 0.30575347, 0.3385001, 0.9296633, 0.47415176,
    0.8632008, 0.7317802, 0.43237296, 0.47381133, 0.33781433, 0.27399892,
    0.5110254, 0.35203907, 0.37883458, 0.30501962, 0.5545361, 0.5428215,
    0.49339372, 0.6020316, 0.30212277, 0.38660482, 0.4021194, 0.31158003,
    0.39063206, 0.19970152, 0.41742647, 0.2518695, 0.33000273, 0.3300992,
    0.42975467, 0.66149914, 0.41175538, 0.43229082, 0.41036865, 0.45507884,
    0.34442645, 0.5177989, 0.5099938, 0.5335671, 0.49965733, 0.519525,
    0.6266719, 0.374891, 0.5791621, 0.3688639, 0.3516201, 0.37933102,
    0.48052806, 0.45744926, 0.4360672, 0.52940834, 0.35159856, 0.44697642,
    0.4760731, 0.39665416, 0.44608295, 0.46046722, 0.6183506, 0.22707357,
    0.27110147, 0.39964664, 0.42782137, 0.41953498, 0.49800125, 0.3272363,
    0.4388047, 0.52637124, 0.45903996, 0.28264046, 0.41029385, 0.34237984,
    0.25980592, 0.68090963, 0.48680606, 0.35131574, 0.35837623, 0.42259163,
    0.47889352, 0.43379572, 0.23589283, 0.5478991, 0.5660747, 0.4839909, 1,
    0.35381493, 0.61128426, 0.36795995, 0.5803906, 0.2966953, 0.31132397,
    0.54898304, 0.43166757, 0.29812443, 0.30828506, 0.17408675, 0.41185725,
    0.33840573, 0.4739049, 0.57976353, 0.27320927, 0.32367563, 0.35499236,
    0.26139325, 0.3094912, 0.49030566, 0.6176387, 0.40445134, 0.3965858,
    0.5731502, 0.36545813, 0.46702898, 0.24273829, 0.30308372, 0.3270002,
    0.59779096, 0.43754542, 0.17701504, 0.32006854, 0.31534737, 0.5272835,
    0.4383443, 0.42373067, 0.3489174, 0.8540751, 0.4185132, 0.3998099,
    0.57231665, 0.4100653, 0.46535957, 0.35879594, 0.45945638, 0.3516453,
    0.35467997, 0.2694223, 0.47409722, 0.4069897, 0.45183513, 0.6209341,
    0.46781057, 0.19384228, 0.6612109, 0.52830017, 0.8200731, 0.5504778,
    0.22423229, 0.66789603, 0.41975325, 0.37116224, 0.32321554, 0.29496124,
    0.34445596, 0.30658138, 0.4518516, 0.5146177, 0.24243942, 0.35441875,
    0.28185624, 0.37111112, 0.5004034, 0.38261932, 0.4477077, 0.3690486,
    0.364804, 0.4285529, 0.35392684, 0.5691631, 0.41283065, 0.45352933,
    0.47480655, 0.33686468, 0.2870736, 0.28266966, 0.4088702, 0.58054006,
    0.46581036, 0.2878492, 0.26175088, 0.42570063, 0.0395486, 0.2580392,
    0.56857365, 0.6266589, 0.31079692, 0.28105712, 0.5201833, 0.41005334,
    0.6015824, 0.35276276, 0.48040015, 0.22234994, 0.28651553, 0.2026533,
    0.59133315, 0.5557806, 0.3148941, 0.46361887, 0.40572545, 0.42203867,
    0.37102097, 0.5120273, 0.44667652, 0.22293343, 0.37757328, 0.4742282,
    0.47563374, 0.48714405, 0.3295158, 0.39335096, 0.30913088, 0.22432455,
    0.7025846, 0.44641852, 0.3399147, 0.28968224, 0.3614806, 0.26433498,
    0.68679607, 0.49784207, 0.36336175, 0.45553336, 0.34517232, 0.40750578,
    0.48221365, 0.37470216, 0.32653278, 0.20976105, 0.27266014, 0.3059298,
    0.7015743, 0.5394367, 0.5394653, 0.4362887, 0.45295608, 0.5281092,
    0.5529182, 0.77151334, 0.22762915, 0.36659047, 0.32340252, 0.39170486,
    0.5190437, 0.35619995, 0.31156686, 0.352566, 0.5666468
  ]
}
